Digite sua pergunta,Resposta,timestamp
oque e compliance?,"**Resposta**: Com base no contexto abaixo, responda à pergunta de forma clara e concisa:

    10
Guia para PMEs
Compliance
Tendências 
de Mercado
Exigências
• A tendência é haver um efeito cascata nas cadeias de fornecimento. 
Assim, tanto as empresas privadas que atendem a Administração Pública 
quanto as outras, em busca de proteção contra riscos de integridade, 
deverão demandar de seus fornecedores e prestadores de serviços a 
implementação de sistemas de Compliance.
• Os melhores profissionais de mercado dão preferência a empresas 
que possuem Compliance efetivo.
Normas e selos

PROGRAMA DE COMPLIANCE E INTEGRIDADE FIESC
Conflito de
INTERESSES

7
Guia para PMEs
Benefícios 
do Compliance
Quero fechar mais negócios e ter vantagem competitiva. 
Com o Compliance, a minha empresa consegue acessar mais 
mercados: na área pública, as leis estaduais exigem e, na área privada, 
as grandes empresas demandam o Compliance de seus fornecedores.
Agora, o meu canal de denúncias permite  identificar 
rapidamente fraudes e furtos e, assim, mitigar esse risco.
O Compliance está me ajudando a identificar erros e até 
melhorar a nossa produtividade.

Programa de Compliance 
e Integridade FIESC
Relatório Sintético 2023

    Pergunta: oque e compliance?
               
O Compliance e Inteção E Inteção E Estadio de Cesar de

**Fontes**: ['10\nGuia para PMEs\nCompliance\nTendências \nde Mercad', 'PROGRAMA DE COMPLIANCE E INTEGRIDADE FIESC\nConflit', '7\nGuia para PMEs\nBenefícios \ndo Compliance\nQuero f', 'Programa de Compliance \ne Integridade FIESC\nRelató']",2025-04-24 12:45:30.945660
O que diz o Código de Conduta Ética da FIESC?,"**Resposta**: Com base no contexto abaixo, responda à pergunta de forma clara e concisa:

    Código de Conduta Ética | FIESC
2

Código de Conduta Ética | FIESC
34

Código de Conduta Ética | FIESC
32

Código de Conduta Ética | FIESC
36
Código de 
Conduta Ética
FIESC, CIESC, SESI, SENAI e IEL 
Julho | 2021
Florianópolis/SC

    Pergunta: O que diz o Código de Conduta Ética da FIESC?
     Código de Conduta Ética | FIESC
36
Código de Conduta Ética | FIESC


**Fontes**: ['Código de Conduta Ética | FIESC\n2', 'Código de Conduta Ética | FIESC\n34', 'Código de Conduta Ética | FIESC\n32', 'Código de Conduta Ética | FIESC\n36\nCódigo de \nCond']",2025-04-24 12:45:51.777872
